City_ID,City,Lat,Lng,Max Temp,Humidity,Cloudiness,Wind Speed,Country,Date
94,Egvekinot,66.3167,-179.1667,1.26,79,13,1.1,RU,08/11/21 2:05
399,Aklavik,68.2191,-135.0107,2.57,96,87,4.23,CA,08/11/21 2:13
240,Qaanaaq,77.484,-69.3632,3.24,70,40,7.45,GL,08/11/21 2:09
345,Norman Wells,65.282,-126.8329,4.01,94,100,7.92,CA,08/11/21 2:12
483,Srednekolymsk,67.45,153.6833,4.33,95,100,6.71,RU,08/11/21 2:14
82,Pevek,69.7008,170.3133,5.88,92,100,6.38,RU,08/11/21 2:00
305,Ayagoz,47.9714,80.4392,7.25,88,13,4.34,KZ,08/11/21 2:11
257,Zhigansk,66.7697,123.3711,7.36,94,100,26.93,RU,08/11/21 2:09
177,Leningradskiy,69.3833,178.4167,7.66,83,42,9.71,RU,08/11/21 2:07
14,Dikson,73.5069,80.5464,9.32,95,100,1.05,RU,08/11/21 2:03
77,Iqaluit,63.7506,-68.5145,9.7,78,0,15.99,CA,08/11/21 2:04
11,Upernavik,72.7868,-56.1549,9.88,79,7,6.78,GL,08/11/21 2:00
523,Lavrentiya,65.5833,-171,10,81,6,6.89,RU,08/11/21 2:17
42,Tuktoyaktuk,69.4541,-133.0374,10.63,96,28,3.94,CA,08/11/21 2:03
224,Clyde River,70.4692,-68.5914,11.08,89,42,11.59,CA,08/11/21 2:08
26,Khatanga,71.9667,102.5,11.3,94,99,12.88,RU,08/11/21 2:03
80,Saskylakh,71.9167,114.0833,11.39,95,100,9.13,RU,08/11/21 2:00
81,Longyearbyen,78.2186,15.6401,12.04,79,75,6.91,SJ,08/11/21 1:59
503,Ilulissat,69.2167,-51.1,12.22,48,10,16.11,GL,08/11/21 2:16
20,Tiksi,71.6872,128.8694,13.26,78,100,22.66,RU,08/11/21 2:00
461,Dudinka,69.4058,86.1778,13.28,95,100,5.73,RU,08/11/21 2:12
516,Kemi,65.8596,24.8228,15.57,86,0,2.3,FI,08/11/21 2:17
417,Mokhsogollokh,61.4681,128.9203,15.91,85,100,5.53,RU,08/11/21 2:13
396,Aykhal,66,111.5,16.48,94,95,18.45,RU,08/11/21 2:13
451,Yerofey Pavlovich,53.9667,121.9667,17.37,57,0,2.13,RU,08/11/21 2:15
332,Udachnyy,66.4167,112.4,17.64,88,86,11.54,RU,08/11/21 2:12
574,Lulea,65.5842,22.1547,17.67,93,4,5.75,SE,08/11/21 2:19
223,Talnakh,69.4865,88.3972,17.8,96,100,7.16,RU,08/11/21 2:08
402,Kangaatsiaq,68.3065,-53.4641,17.92,89,100,9.01,GL,08/11/21 2:13
187,Verkh-Usugli,52.7,115.1667,17.94,63,42,2.13,RU,08/11/21 2:08
266,Paamiut,61.994,-49.6678,18.01,66,0,6.62,GL,08/11/21 2:07
353,Leh,34.1667,77.5833,18.01,61,0,4.12,IN,08/11/21 2:12
289,Erenhot,43.6475,111.9767,18.09,73,46,8.77,CN,08/11/21 2:07
89,Aksarka,66.5606,67.7975,18.25,94,100,7.16,RU,08/11/21 2:04
383,Haines Junction,60.7522,-137.5108,19.31,65,8,2.06,CA,08/11/21 2:13
83,Provideniya,64.3833,-173.3,19.51,63,20,4.47,RU,08/11/21 2:04
335,Tazovskiy,67.4667,78.7,20.05,95,100,9.73,RU,08/11/21 2:12
394,Yar-Sale,66.8333,70.8333,20.19,90,100,9.84,RU,08/11/21 2:13
521,Kysyl-Syr,63.8986,122.7617,20.61,95,100,9.71,RU,08/11/21 2:17
71,Baruun-Urt,46.6806,113.2792,21.4,54,7,5.21,MN,08/11/21 2:04
198,Yumen,40.2833,97.2,21.4,39,10,9.66,CN,08/11/21 2:08
21,Barrow,71.2906,-156.7887,21.6,80,100,9.55,US,08/11/21 2:00
221,Mujiayingzi,42.1167,118.7833,21.96,60,100,25.01,CN,08/11/21 2:08
288,Tilichiki,60.4667,166.1,22.17,96,100,7.63,RU,08/11/21 2:07
355,Verkhnyaya Inta,65.9811,60.3094,22.93,94,100,6.08,RU,08/11/21 2:12
319,Nome,64.5011,-165.4064,23.07,75,90,10.36,US,08/11/21 2:11
359,Chifeng,42.2683,118.9636,23.47,59,100,24.58,CN,08/11/21 2:12
422,Mnogovershinnyy,53.9353,139.9242,23.58,68,96,18.45,RU,08/11/21 2:14
413,Verkhnevilyuysk,63.4453,120.3167,23.9,94,100,9.44,RU,08/11/21 2:13
146,Ostrovnoy,68.0531,39.5131,23.97,87,99,12.86,RU,08/11/21 2:06
239,Nadym,65.5333,72.5167,24.13,94,100,12.93,RU,08/11/21 2:09
504,Mirnyy,62.5353,113.9611,24.6,92,100,9.75,RU,08/11/21 2:16
404,College,64.8569,-147.8028,24.75,90,90,0,US,08/11/21 2:13
222,Fairbanks,64.8378,-147.7164,24.76,90,90,1.01,US,08/11/21 2:06
552,Arman,59.7,150.1667,25.02,89,100,8.5,RU,08/11/21 2:17
385,Solnechnyy,50.7214,136.6319,25.09,53,100,3.67,RU,08/11/21 2:13
126,Nyurba,63.2842,118.3319,25.36,93,100,10.6,RU,08/11/21 2:05
556,Zhangye,38.9342,100.4517,25.57,39,0,1.01,CN,08/11/21 2:18
254,Belokurikha,51.9959,84.9896,26.38,74,57,6.46,RU,08/11/21 2:09
139,Tasiilaq,65.6145,-37.6368,26.76,76,100,6.46,GL,08/11/21 2:06
265,High Level,58.5169,-117.136,26.76,97,100,3.6,CA,08/11/21 2:08
505,Yerbogachen,61.2767,108.0108,26.92,94,100,11.72,RU,08/11/21 2:16
217,Hami,42.8,93.45,27.18,43,4,6.58,CN,08/11/21 2:08
317,Tigil,57.8,158.6667,27.19,84,50,16.13,RU,08/11/21 2:11
281,Mehamn,71.0357,27.8492,27.25,81,100,2.93,NO,08/11/21 2:10
57,Timra,62.487,17.3257,27.68,74,13,5.75,SE,08/11/21 2:03
435,Ordynskoye,54.3656,81.8994,27.86,74,100,16.04,RU,08/11/21 2:14
64,Yellowknife,62.456,-114.3525,28.42,99,100,7.09,CA,08/11/21 2:00
540,Tevriz,57.509,72.4042,28.42,94,100,11.99,RU,08/11/21 2:17
249,Vanavara,60.34,102.2797,28.58,90,100,12.15,RU,08/11/21 2:05
274,Itatskiy,56.07,89.0369,29.03,65,99,17.43,RU,08/11/21 2:09
354,Pankrushikha,53.8319,80.3406,29.88,55,100,16.33,RU,08/11/21 2:12
169,Katangli,51.7102,143.2326,30.04,45,1,14.79,RU,08/11/21 2:07
52,Narsaq,60.9167,-46.05,30.42,82,100,1.61,GL,08/11/21 2:04
449,Tatarsk,55.219,75.9828,30.47,57,100,18.68,RU,08/11/21 2:15
369,Bonnyville,54.2668,-110.735,30.51,60,11,7.47,CA,08/11/21 2:09
452,Tara,56.8944,74.371,30.54,59,87,16.84,RU,08/11/21 2:15
515,Shache,38.4167,77.2406,30.61,43,0,4.54,CN,08/11/21 2:16
90,Nanortalik,60.1432,-45.2371,30.65,61,100,2.51,GL,08/11/21 2:00
508,Qaqortoq,60.7167,-46.0333,30.7,84,100,2.73,GL,08/11/21 2:16
498,Baoding,38.8511,115.4903,30.83,72,0,6.35,CN,08/11/21 2:14
159,Emba,48.8264,58.1442,31.12,63,86,5.01,KZ,08/11/21 2:07
193,Vardo,70.3705,31.1107,31.24,61,98,17.4,NO,08/11/21 2:08
154,Kodiak,57.79,-152.4072,31.57,92,98,13.35,US,08/11/21 2:07
204,Kizema,61.113,44.8302,31.59,91,100,3.4,RU,08/11/21 2:08
271,Temir,49.1414,57.13,31.89,57,97,5.39,KZ,08/11/21 2:09
560,Shieli,44.1667,66.75,31.96,27,2,3.06,KZ,08/11/21 2:18
282,Nizhnevartovsk,60.9344,76.5531,32.02,100,75,11.18,RU,08/11/21 2:10
122,Homer,59.6425,-151.5483,32.07,88,20,3.44,US,08/11/21 2:05
174,Agirish,61.9247,63.0231,32.23,94,100,10.09,RU,08/11/21 2:07
129,Jidong,45.2167,131.0833,32.45,68,100,10.42,CN,08/11/21 2:05
439,Novoagansk,61.9449,76.6625,32.5,98,100,12.44,RU,08/11/21 2:15
251,Taywarah,33.35,64.4167,32.52,81,15,3.67,AF,08/11/21 2:09
119,Okoneshnikovo,54.8377,75.0834,32.59,44,100,19.53,RU,08/11/21 2:05
482,Kochevo,59.5994,54.3125,32.61,84,79,8.97,RU,08/11/21 2:16
496,Gornopravdinsk,60.05,69.9,32.61,98,100,7.81,RU,08/11/21 2:16
264,Pavino,59.1139,46.1414,32.76,90,100,6.06,RU,08/11/21 2:09
95,Krasnoselkup,65.7,82.4667,32.77,95,100,21.23,RU,08/11/21 2:01
466,Storslett,69.7678,21.0247,32.77,95,100,11.61,NO,08/11/21 2:16
24,La Ronge,55.1001,-105.2842,33.1,65,32,4.18,CA,08/11/21 2:03
400,Purpe,64.4803,76.6897,33.17,97,100,19.39,RU,08/11/21 2:13
412,Sladkovo,55.5284,70.3385,33.73,45,53,21.12,RU,08/11/21 2:13
258,Petropavl,54.8753,69.1628,33.78,40,0,20.13,KZ,08/11/21 2:09
510,Uusikaupunki,60.8004,21.4084,34.32,82,99,16.96,FI,08/11/21 2:16
183,Harstad,68.799,16.5293,34.83,100,98,4.81,NO,08/11/21 2:07
459,Gari,59.4307,62.3497,34.86,86,100,10.98,RU,08/11/21 2:15
1,Ushuaia,-54.8,-68.3,34.9,91,37,4.38,AR,08/11/21 2:01
232,Yurino,56.2942,46.3039,34.92,85,100,11.05,RU,08/11/21 2:09
123,Thompson,55.7435,-97.8558,35.46,87,100,4.56,CA,08/11/21 2:02
39,Andenes,69.3143,16.1194,35.58,87,75,13.8,NO,08/11/21 2:03
331,Boo,59.3333,18.2833,35.76,93,97,9.22,SE,08/11/21 2:12
133,Pemberton,50.3164,-122.8027,35.8,95,83,6.08,CA,08/11/21 2:00
162,Aksay,47.26,39.87,35.82,64,99,3.89,RU,08/11/21 2:07
261,Altamont,42.2068,-121.7372,36.39,67,1,0,US,08/11/21 2:09
44,Makat,47.6469,53.3463,36.41,33,20,7.16,KZ,08/11/21 2:03
179,Vostok,46.4856,135.8833,36.91,30,97,3.44,RU,08/11/21 2:07
79,Severo-Kurilsk,50.6789,156.125,37.09,63,99,21.34,RU,08/11/21 2:01
292,Port Hardy,50.6996,-127.4199,37.58,100,90,0,CA,08/11/21 2:10
318,Nikolskoye,59.7035,30.7861,37.87,98,100,8.79,RU,08/11/21 2:11
364,Grindavik,63.8424,-22.4338,37.87,87,90,36.82,IS,08/11/21 2:08
373,Otradnoye,59.7775,30.8181,38.03,97,100,9.42,RU,08/11/21 2:07
285,Sayat,38.7839,63.8803,38.84,30,100,1.68,TM,08/11/21 2:10
457,Hede,33.7681,120.2517,38.91,53,4,17.18,CN,08/11/21 2:15
168,Hofn,64.2539,-15.2082,39.02,94,100,14.12,IS,08/11/21 2:07
267,Belyy Yar,53.6039,91.3903,39.09,56,0,11.18,RU,08/11/21 2:05
34,Albany,42.6001,-73.9662,39.52,72,12,3.89,US,08/11/21 1:58
543,Seydi,39.4816,62.9137,39.56,21,100,3.58,TM,08/11/21 2:17
562,Kamenka,51.3223,42.7678,39.63,89,100,8.48,RU,08/11/21 2:18
349,Ketchikan,55.3422,-131.6461,39.67,87,90,5.75,US,08/11/21 2:12
518,Boissevain,49.2306,-100.0559,39.7,50,57,11.07,CA,08/11/21 2:17
501,Saint-Augustin,51.226,-58.6502,40.37,78,100,3.67,CA,08/11/21 2:15
360,Baoying,33.2292,119.3092,40.42,48,1,16.67,CN,08/11/21 2:12
203,Xingtai,37.0631,114.4942,40.5,36,0,6.31,CN,08/11/21 2:08
290,Nizhniy Baskunchak,48.2198,46.8311,40.5,80,75,3.98,RU,08/11/21 2:10
151,Chapais,49.7834,-74.8492,40.78,98,100,6.44,CA,08/11/21 2:07
429,Sandwick,60,-1.25,40.82,81,20,4.61,GB,08/11/21 2:14
534,Letychiv,49.3826,27.6305,40.84,87,100,8.84,UA,08/11/21 2:17
464,Brae,60.3964,-1.353,40.91,67,100,5.46,GB,08/11/21 2:15
326,Great Yarmouth,52.6083,1.7305,41.02,86,100,10.04,GB,08/11/21 2:12
462,Ozerna,49.6289,25.329,41.05,81,100,10.47,UA,08/11/21 2:15
59,Chernyy Yar,48.0624,46.1091,41.07,77,95,4.83,RU,08/11/21 2:04
270,Svetlaya,46.5389,138.3297,41.4,29,100,2.42,RU,08/11/21 2:08
409,Weihai,37.5017,122.1136,41.54,77,100,33.2,CN,08/11/21 2:13
423,Scarborough,54.2797,-0.4044,41.92,84,100,3,GB,08/11/21 2:14
28,Gazanjyk,39.2446,55.5154,42.08,54,0,2.39,TM,08/11/21 2:03
309,Ucluelet,48.9329,-125.5528,42.1,88,87,1.99,CA,08/11/21 2:11
447,Valdemarpils,57.3707,22.5919,42.22,83,100,16.51,LV,08/11/21 2:15
197,Louviers,49.2167,1.1667,42.28,93,20,2.3,FR,08/11/21 2:08
311,Hashtgerd,35.9642,50.6858,42.49,48,0,0.76,IR,08/11/21 2:11
427,Millerovo,48.9226,40.3967,42.67,71,100,6.49,RU,08/11/21 2:14
230,Druzhba,52.0428,33.9453,42.87,85,100,13.62,UA,08/11/21 2:08
446,Fez,34.0372,-4.9998,43.05,60,0,9.22,MA,08/11/21 2:15
63,Mazyr,52.0495,29.2456,43.14,85,100,12.03,BY,08/11/21 2:04
339,Sioux Lookout,50.1001,-91.917,43.66,77,100,3.62,CA,08/11/21 2:12
226,Palmer,42.1584,-72.3287,43.68,68,100,3.42,US,08/11/21 2:06
346,Terney,45.0503,136.6092,43.68,28,100,2.8,RU,08/11/21 2:12
389,Gilgit,35.9221,74.3087,43.75,47,0,4.09,PK,08/11/21 2:13
158,Novyy Yarychiv,49.9044,24.3052,43.93,78,100,10.65,UA,08/11/21 2:07
12,Punta Arenas,-53.15,-70.9167,44.11,70,40,9.22,CL,08/11/21 2:03
229,Ilinskiy,55.619,38.1182,44.31,76,0,8.95,RU,08/11/21 2:08
157,Sitka,57.0531,-135.33,44.49,57,20,6.91,US,08/11/21 2:06
321,Chapleau,47.8405,-83.4034,44.62,86,97,4.59,CA,08/11/21 2:11
570,Matagami,49.7502,-77.6328,44.71,100,90,4.61,CA,08/11/21 2:18
478,Tarskoye,42.967,44.7711,44.85,86,6,2.08,RU,08/11/21 2:16
127,Marmora,44.4583,7.094,45.52,87,93,1.9,IT,08/11/21 2:02
492,Yunyang,33.4474,112.7142,45.52,30,0,3.47,CN,08/11/21 2:16
522,Klaksvik,62.2266,-6.589,45.52,81,99,20.09,FO,08/11/21 2:15
424,Aljezur,37.3191,-8.8033,45.63,49,0,6.64,PT,08/11/21 2:14
213,Margate,51.3813,1.3862,45.7,84,84,13.29,GB,08/11/21 2:08
246,Shiyan,32.6475,110.7781,45.72,53,0,6.33,CN,08/11/21 2:09
8,Xichang,27.8964,102.2634,45.88,72,98,2.84,CN,08/11/21 2:03
184,Newton,42.337,-71.2092,45.95,80,1,0,US,08/11/21 2:07
202,Caohe,30.2297,115.4335,45.95,37,0,7.63,CN,08/11/21 2:08
448,Virovitica,45.8319,17.3839,46.02,92,55,3.76,HR,08/11/21 2:15
247,Jiangyou,31.7667,104.7167,46.31,72,18,4.25,CN,08/11/21 2:09
36,Rio Gallegos,-51.6226,-69.2181,46.45,53,0,14.97,AR,08/11/21 2:03
486,Vinkovci,45.2883,18.8047,46.45,93,90,5.75,HR,08/11/21 2:16
32,Bethel,41.3712,-73.414,46.49,67,100,4.94,US,08/11/21 1:58
38,West Wendover,40.7391,-114.0733,46.49,65,100,1.36,US,08/11/21 2:03
101,Visnes,59.3556,5.2242,46.58,100,100,10.36,NO,08/11/21 2:05
441,Plonsk,52.6235,20.3755,47.03,83,100,14.79,PL,08/11/21 2:15
313,Devon,50.75,-3.75,47.1,62,38,3.27,GB,08/11/21 2:11
495,Harrogate,53.9908,-1.5373,47.16,66,95,3,GB,08/11/21 2:16
29,Torbay,47.6666,-52.7314,47.26,86,77,3,CA,08/11/21 2:03
341,Shenjiamen,29.9576,122.298,47.7,66,12,33.44,CN,08/11/21 2:12
69,Jamestown,42.097,-79.2353,47.71,82,1,1.01,US,08/11/21 2:03
145,Coihaique,-45.5752,-72.0662,48.15,71,0,4.61,CL,08/11/21 2:06
342,Kubanskiy,45.9292,40.5806,48.27,93,100,5.55,RU,08/11/21 2:12
45,Onufriyivka,48.9072,33.4487,48.31,73,96,9.91,UA,08/11/21 2:03
142,Morehead,37.2711,-87.1764,48.83,87,1,0,US,08/11/21 2:06
324,Ardakan,32.31,54.0175,48.87,62,99,4.43,IR,08/11/21 2:11
278,Qidong,31.8128,121.6561,49.03,57,11,23.73,CN,08/11/21 2:10
344,Preston,53.7667,-2.7167,49.14,86,92,6.08,GB,08/11/21 2:12
557,Kenora,49.8167,-94.4337,49.17,66,75,4.61,CA,08/11/21 2:18
56,Elbistan,38.2059,37.1983,49.37,43,100,1.39,TR,08/11/21 2:00
392,Nemuro,43.3236,145.575,49.48,72,64,9.57,JP,08/11/21 2:13
284,West Milford,41.1312,-74.3674,49.64,72,100,4.05,US,08/11/21 2:10
220,Fortuna,40.5982,-124.1573,49.98,70,1,0,US,08/11/21 2:07
293,Nador,35.174,-2.9287,50.25,71,0,3.44,MA,08/11/21 2:10
547,Sajanan,37.0573,9.2426,50.27,73,6,5.75,TN,08/11/21 2:17
10,Bredasdorp,-34.5322,20.0403,50.29,77,98,2.08,ZA,08/11/21 2:03
306,Cabra,37.4725,-4.4421,50.4,63,0,4.94,ES,08/11/21 2:08
476,Verkhniy Rohachyk,47.2505,34.338,50.72,88,91,9.35,UA,08/11/21 2:16
104,Hermiston,45.8404,-119.2895,50.9,57,20,8.05,US,08/11/21 2:02
275,Monroe,43.1501,-77.6831,50.95,78,1,5.75,US,08/11/21 2:06
276,Marck,50.949,1.9433,50.99,78,93,12.12,FR,08/11/21 2:09
539,Gairo,39.8497,9.5047,51.01,78,100,2.95,IT,08/11/21 2:17
283,Mayo,38.8876,-76.5119,51.17,75,1,1.01,US,08/11/21 2:10
450,Riverton,40.5219,-111.9391,51.17,73,90,4,US,08/11/21 2:10
530,Westport,41.1415,-73.3579,51.55,70,1,4.61,US,08/11/21 2:17
40,Hamilton,39.1834,-84.5333,51.67,70,4,3.27,US,08/11/21 1:59
141,San Jeronimo,-11.9472,-75.2829,51.76,82,100,6.04,PE,08/11/21 2:06
312,Izberbash,42.5696,47.8645,51.85,74,17,3.02,RU,08/11/21 2:11
286,Asahikawa,43.7678,142.3703,51.94,64,92,1.14,JP,08/11/21 2:10
314,Fairview,40.8126,-73.999,52.21,54,1,0,US,08/11/21 2:11
410,Glenwood Springs,39.5505,-107.3248,52.34,34,1,16.11,US,08/11/21 2:13
186,Craig,40.5153,-107.5464,52.39,52,1,4.61,US,08/11/21 2:08
68,Lebu,-37.6167,-73.65,52.88,93,68,9.86,CL,08/11/21 2:00
564,Mingaora,34.7758,72.3625,53.01,29,7,7.58,PK,08/11/21 2:17
131,Comodoro Rivadavia,-45.8667,-67.5,53.22,75,94,18.77,AR,08/11/21 2:01
531,Skibbereen,51.55,-9.2667,53.4,97,100,10.29,IE,08/11/21 2:17
357,Piney Green,34.716,-77.3202,53.53,66,1,14.97,US,08/11/21 2:12
327,Nantucket,41.2835,-70.0995,53.71,76,90,14.97,US,08/11/21 2:12
84,Chuy,-33.6971,-53.4616,53.76,83,10,2.77,UY,08/11/21 2:04
509,Kathmandu,27.7167,85.3167,53.82,94,20,2.3,NP,08/11/21 2:15
310,Morgan City,29.6994,-91.2068,54.01,100,1,0,US,08/11/21 2:11
437,Elizabeth City,36.2946,-76.2511,54.01,80,1,20.71,US,08/11/21 2:14
502,Walvis Bay,-22.9575,14.5053,54.09,82,2,3.44,NA,08/11/21 2:16
215,Constitucion,-35.3333,-72.4167,54.3,83,5,14.12,CL,08/11/21 2:08
460,Zhob,31.3411,69.4481,54.55,39,0,3.78,PK,08/11/21 2:15
147,Bedele,8.456,36.353,54.75,94,93,1.36,ET,08/11/21 2:06
494,George,-33.963,22.4617,54.95,94,90,5.75,ZA,08/11/21 2:16
85,Khasan,42.4308,130.6434,55.4,88,100,30.67,RU,08/11/21 2:04
358,Saint Anthony,45.0205,-93.218,55.81,83,1,1.01,US,08/11/21 2:10
421,Shizunai,42.3339,142.3669,55.89,74,95,11.12,JP,08/11/21 2:14
375,Mao,39.8885,4.2658,55.96,88,75,13.8,ES,08/11/21 2:11
62,Florence,43.7667,11.25,55.99,95,0,1.14,IT,08/11/21 2:00
363,Muros,42.7762,-9.0603,55.99,86,100,10.96,ES,08/11/21 2:09
113,Luderitz,-26.6481,15.1594,56.25,83,0,8.59,NA,08/11/21 2:05
160,Viedma,-40.8135,-62.9967,56.64,66,52,11.01,AR,08/11/21 2:07
173,Kruisfontein,-34.0033,24.7314,56.88,87,100,4.85,ZA,08/11/21 2:06
109,Hermanus,-34.4187,19.2345,56.89,72,72,4.7,ZA,08/11/21 2:05
13,Rio Grande,-32.035,-52.0986,56.95,75,0,5.53,BR,08/11/21 2:03
37,Felanitx,39.4696,3.1483,57,65,100,7.16,ES,08/11/21 2:03
185,Concepcion,-36.827,-73.0498,57,77,0,10.36,CL,08/11/21 2:08
537,Vranje,42.5514,21.9003,57.18,79,64,3.91,RS,08/11/21 2:17
2,Lalibela,12.0333,39.0333,57.2,53,91,2.77,ET,08/11/21 2:03
411,Ruidoso,33.3317,-105.673,57.34,23,1,13.8,US,08/11/21 2:12
92,Coquimbo,-29.9533,-71.3436,57.54,79,5,2.35,CL,08/11/21 2:01
567,Baglung,28.2719,83.5898,57.97,66,23,3.47,NP,08/11/21 2:18
111,Buraydah,26.326,43.975,58.26,34,0,5.32,SA,08/11/21 2:05
46,Paysandu,-32.3214,-58.0756,58.35,70,75,8.61,UY,08/11/21 2:03
268,Turayf,31.6725,38.6637,58.44,39,0,8.55,SA,08/11/21 2:09
23,Codrington,-38.2667,141.9667,58.62,55,100,4.68,AU,08/11/21 2:00
73,Castro,-24.7911,-50.0119,58.91,97,83,6.89,BR,08/11/21 2:01
134,Oranjemund,-28.55,16.4333,58.91,81,66,9.26,NA,08/11/21 2:05
431,Quthing,-30.4,27.7003,58.93,86,91,2.24,LS,08/11/21 2:14
55,Port Elizabeth,-33.918,25.5701,59.09,84,100,5.57,ZA,08/11/21 1:59
445,Paso De Carrasco,-34.8603,-56.0522,59.14,77,0,11.5,UY,08/11/21 2:15
0,Cape Town,-33.9258,18.4232,59.27,73,52,4,ZA,08/11/21 2:03
255,Leon,21.1167,-101.6667,59.29,36,38,6.35,MX,08/11/21 2:09
397,Rawson,-43.3002,-65.1023,59.63,59,100,5.59,AR,08/11/21 2:13
207,Najran,17.4924,44.1277,59.7,28,0,1.03,SA,08/11/21 2:08
237,Sakakah,29.9697,40.2064,59.94,37,0,3.91,SA,08/11/21 2:05
366,Bahia Blanca,-38.7196,-62.2724,60.15,43,10,9.64,AR,08/11/21 2:10
47,Saldanha,-33.0117,17.9442,60.24,74,88,20.65,ZA,08/11/21 2:03
334,Abu Samrah,35.3029,37.1841,60.31,33,100,3.89,SY,08/11/21 2:12
407,Beihai,21.4833,109.1,60.33,64,95,27.2,CN,08/11/21 2:13
535,Jasper,37.2001,-94.3502,60.67,51,1,4,US,08/11/21 2:17
6,Xam Nua,20.4197,104.0439,60.75,99,100,3.58,LA,08/11/21 2:03
467,Ayacucho,-13.1583,-74.2239,60.84,71,99,6.26,PE,08/11/21 2:16
175,Mar Del Plata,-38.0023,-57.5575,61.09,85,0,1.99,AR,08/11/21 2:07
48,Bluff,-46.6,168.3333,61.16,61,83,6.22,NZ,08/11/21 2:04
152,Do Gonbadan,30.3586,50.7981,61.45,55,2,4.21,IR,08/11/21 2:07
61,Mount Gambier,-37.8333,140.7667,61.63,48,85,6.55,AU,08/11/21 2:01
210,Kaitangata,-46.2817,169.8464,61.93,75,85,7.29,NZ,08/11/21 2:08
130,Estelle,29.8458,-90.1067,62.01,66,0,4.52,US,08/11/21 2:05
548,Bako,5.7833,36.5667,62.01,84,41,4.14,ET,08/11/21 2:17
114,Cidreira,-30.1811,-50.2056,62.11,72,4,3.98,BR,08/11/21 2:05
299,Velingrad,42.0272,23.9957,62.17,57,6,6.15,BG,08/11/21 2:10
231,Foumban,5.7291,10.9001,62.42,94,100,3.33,CM,08/11/21 2:09
403,Omis,43.4447,16.6886,62.46,91,24,3.51,HR,08/11/21 2:13
371,Miguel Hidalgo,19.4225,-99.2028,62.58,57,20,5.99,MX,08/11/21 2:12
75,New Norfolk,-42.7826,147.0587,62.74,41,11,5.01,AU,08/11/21 2:02
527,Riyadh,24.6877,46.7219,62.74,28,54,7.9,SA,08/11/21 2:17
524,Gualaquiza,-3.4,-78.55,62.8,98,53,1.72,EC,08/11/21 2:17
387,Stephenville,32.2207,-98.2023,62.92,69,1,8.05,US,08/11/21 2:13
490,Gisborne,-38.6533,178.0042,62.94,74,76,6.71,NZ,08/11/21 2:16
511,Great Bend,38.3645,-98.7648,63.03,60,1,4,US,08/11/21 2:13
16,Hobart,-42.8794,147.3294,63.1,51,75,9.22,AU,08/11/21 2:03
260,Englewood,39.6478,-104.9878,63.57,19,20,6.91,US,08/11/21 2:07
340,Esperance,-33.8667,121.9,63.63,56,100,11.27,AU,08/11/21 2:12
384,Pimentel,-6.8367,-79.9342,63.81,84,66,12.84,PE,08/11/21 2:13
434,Camacha,33.0833,-16.3333,63.82,63,40,11.5,PT,08/11/21 2:14
112,Lima,-12.0432,-77.0282,63.9,81,100,5.7,PE,08/11/21 2:02
153,Huarmey,-10.0681,-78.1522,64.04,85,97,6.11,PE,08/11/21 2:07
401,Hualmay,-11.0964,-77.6139,64.09,82,100,7.92,PE,08/11/21 2:13
546,Los Llanos De Aridane,28.6585,-17.9182,64.15,64,75,10,ES,08/11/21 2:17
54,East London,-33.0153,27.9116,64.36,93,100,7.94,ZA,08/11/21 2:00
19,Port Alfred,-33.5906,26.891,64.38,86,100,8.61,ZA,08/11/21 2:03
370,Paita,-5.0892,-81.1144,64.53,84,19,13.96,PE,08/11/21 2:08
538,Bari,41.1177,16.8512,64.67,95,75,1.14,IT,08/11/21 2:17
22,Dunedin,-45.8742,170.5036,64.8,68,24,6.87,NZ,08/11/21 1:59
248,Spring Hill,28.4769,-82.5255,64.81,78,1,1.01,US,08/11/21 2:09
472,Kant,27.8,79.8,64.87,67,63,2.21,IN,08/11/21 2:16
426,Capinzal,-27.3436,-51.6119,64.96,97,45,2.3,BR,08/11/21 2:14
149,Pisco,-13.7,-76.2167,65.01,82,0,5.75,PE,08/11/21 2:07
550,Ihosy,-22.4,46.1167,65.07,88,76,5.12,MG,08/11/21 2:17
372,Lompoc,34.6391,-120.4579,65.12,67,20,18.01,US,08/11/21 2:12
337,Sechura,-5.5569,-80.8222,65.21,79,63,13.87,PE,08/11/21 2:12
171,Tocopilla,-22.092,-70.1979,65.43,67,12,8.61,CL,08/11/21 2:07
499,Opuwo,-18.0607,13.84,65.7,38,80,1.7,NA,08/11/21 2:16
219,Wajima,37.4,136.9,65.95,59,80,10.83,JP,08/11/21 2:05
573,Ahipara,-35.1667,173.1667,66.18,78,41,5.5,NZ,08/11/21 2:19
444,Florianopolis,-27.6146,-48.5012,66.38,69,40,1.01,BR,08/11/21 2:15
228,Hedaru,-4.5,37.9,66.42,92,97,2.55,TZ,08/11/21 2:08
575,Araxa,-19.5933,-46.9406,66.51,91,67,1.41,BR,08/11/21 2:15
555,Porto Santo,33.072,-16.3415,66.58,63,40,10.36,PT,08/11/21 2:17
53,Hasaki,35.7333,140.8333,66.6,51,39,17.02,JP,08/11/21 2:04
481,Kahama,-3.8333,32.6,66.65,36,100,3.4,TZ,08/11/21 2:16
116,Namibe,-15.1961,12.1522,66.72,79,94,3.18,AO,08/11/21 2:05
529,Pedro Juan Caballero,-22.5472,-55.7333,66.74,95,24,3.67,PY,08/11/21 2:17
66,Ponta Do Sol,32.6667,-17.1,66.83,66,14,7.25,PT,08/11/21 2:02
206,Lixourion,38.2019,20.4314,66.99,78,100,5.44,GR,08/11/21 2:08
17,Busselton,-33.65,115.3333,67.05,51,4,11.97,AU,08/11/21 2:00
155,Kaeo,-35.1,173.7833,67.08,72,39,4.94,NZ,08/11/21 2:07
189,Bertoua,4.5833,13.6833,67.37,98,100,0.83,CM,08/11/21 2:08
33,Matay,28.419,30.7792,67.46,57,0,7.65,EG,08/11/21 2:03
391,Christchurch,-43.5333,172.6333,67.48,73,90,4,NZ,08/11/21 2:09
188,Yulara,-25.2406,130.9889,67.84,100,75,13.8,AU,08/11/21 2:08
376,Kanye,-24.9667,25.3327,67.84,53,100,9.71,BW,08/11/21 2:13
137,Princeton,25.5384,-80.4089,67.98,81,1,4.61,US,08/11/21 2:06
120,Port Pirie,-33.1833,138.0167,68.14,38,100,10.04,AU,08/11/21 2:05
195,Lagoa,39.05,-27.9833,68.16,86,3,23.8,PT,08/11/21 2:08
536,Suez,29.9737,32.5263,68.16,51,0,8.81,EG,08/11/21 2:17
74,Katsuura,35.1333,140.3,68.18,59,96,16.69,JP,08/11/21 2:01
367,Bondo,3.8146,23.6866,68.38,99,100,1.3,CD,08/11/21 2:12
513,Port Shepstone,-30.7414,30.455,68.47,91,100,3.33,ZA,08/11/21 2:17
105,Murray Bridge,-35.1167,139.2667,68.49,41,39,11.05,AU,08/11/21 2:05
100,Tuatapere,-46.1333,167.6833,68.61,47,99,3.44,NZ,08/11/21 2:05
390,Waipawa,-41.4122,175.5153,68.63,65,35,4.92,NZ,08/11/21 2:13
569,Palpa,-14.5336,-75.1856,68.65,68,20,2.98,PE,08/11/21 2:19
549,Tura,25.5198,90.2201,68.68,74,70,1.48,IN,08/11/21 2:17
561,Lodja,-3.4833,23.4333,68.68,99,100,2.15,CD,08/11/21 2:18
408,Imbituba,-28.24,-48.6703,68.83,73,81,2.51,BR,08/11/21 2:13
280,Sikonge,-5.6333,32.7667,68.95,45,6,7.43,TZ,08/11/21 2:10
419,Nizwa,22.9333,57.5333,68.97,54,2,1.88,OM,08/11/21 2:14
455,Shingu,33.7333,135.9833,68.97,74,35,20,JP,08/11/21 2:15
559,Sukumo,32.9333,132.7333,69.08,83,100,14.07,JP,08/11/21 2:18
125,Buta,2.7858,24.73,69.26,100,98,2.24,CD,08/11/21 2:05
347,Santa Cruz,-17.8,-63.1667,69.26,78,20,3.44,BO,08/11/21 2:12
250,Marsa Matruh,31.3525,27.2453,69.3,68,4,4.74,EG,08/11/21 2:09
568,Adrar,20.5022,-10.0711,69.4,26,100,6.31,MR,08/11/21 2:19
117,Ribeira Grande,38.5167,-28.7,69.46,86,26,23.94,PT,08/11/21 2:05
67,Puerto Ayora,-0.7393,-90.3518,69.66,81,47,8.59,EC,08/11/21 2:04
211,Linhares,-19.3911,-40.0722,69.69,91,99,3.51,BR,08/11/21 2:08
362,Neuquen,-38.9516,-68.0591,69.69,35,0,5.75,AR,08/11/21 2:11
428,Nouakchott,18.0858,-15.9785,69.73,65,100,12.62,MR,08/11/21 2:14
438,Praia Da Vitoria,38.7333,-27.0667,69.76,87,7,19.6,PT,08/11/21 2:15
262,Zhuhai,22.2769,113.5678,69.98,72,20,26.46,CN,08/11/21 2:09
414,Vila Franca Do Campo,37.7167,-25.4333,70.2,74,34,11.68,PT,08/11/21 2:13
167,Victoria,22.2855,114.1577,70.25,70,68,5.01,HK,08/11/21 2:03
300,Saint George,37.1041,-113.5841,70.25,28,1,1.01,US,08/11/21 2:11
4,Richards Bay,-28.783,32.0377,70.39,95,100,3.56,ZA,08/11/21 2:03
103,Arraial Do Cabo,-22.9661,-42.0278,70.48,73,70,5.7,BR,08/11/21 2:05
161,Ponta Delgada,37.7333,-25.6667,70.5,83,40,11.5,PT,08/11/21 2:04
9,Broken Hill,-31.95,141.4333,70.59,37,100,8.39,AU,08/11/21 2:03
201,San Patricio,28.017,-97.5169,70.83,71,0,7.67,US,08/11/21 2:08
200,Satipo,-11.2522,-74.6386,70.97,98,100,2.3,PE,08/11/21 2:08
374,Bhadasar,28.2833,74.3167,71.02,29,0,1.59,IN,08/11/21 2:13
51,Paracatu,-17.2222,-46.8747,71.06,85,99,3.83,BR,08/11/21 2:03
351,Sao Joao Da Barra,-21.6403,-41.0511,71.1,76,100,7.34,BR,08/11/21 2:12
196,Beira,-19.8436,34.8389,71.13,88,0,4.65,MZ,08/11/21 2:08
272,Kijang,35.2442,129.2139,71.33,79,96,26.22,KR,08/11/21 2:09
443,Impfondo,1.6381,18.0667,71.35,95,100,1.41,CG,08/11/21 2:15
544,Gat,31.61,34.7642,71.4,29,0,2.66,IL,08/11/21 2:14
297,Muroto,33.2833,134.15,71.46,68,100,26.46,JP,08/11/21 2:10
471,Carnarvon,-24.8667,113.6333,71.67,56,79,16.11,AU,08/11/21 2:16
566,Mananjary,-21.2167,48.3333,71.69,93,40,4.45,MG,08/11/21 2:18
296,Lamu,-2.2717,40.902,71.82,80,51,8.55,KE,08/11/21 2:10
156,Jardim,-21.4803,-56.1381,71.85,82,10,4.36,BR,08/11/21 2:07
76,Ampanihy,-24.7,44.75,71.92,57,34,6.85,MG,08/11/21 2:04
172,Vila Velha,-20.3297,-40.2925,71.94,88,90,5.01,BR,08/11/21 2:05
519,Saint-Joseph,-21.3667,55.6167,71.96,80,18,8.75,RE,08/11/21 2:17
99,Naze,28.3667,129.4833,71.98,63,100,4.9,JP,08/11/21 2:05
205,Limbdi,22.5667,71.8,71.98,37,40,7.4,IN,08/11/21 2:08
381,Geraldton,-28.7667,114.6,72.01,53,22,13.8,AU,08/11/21 2:13
506,Ghotki,28.006,69.3161,72.01,27,0,1.63,PK,08/11/21 2:16
463,Vao,-22.6667,167.4833,72.18,64,10,6.31,NC,08/11/21 2:15
303,Ishigaki,24.3448,124.1572,72.23,85,100,36.69,JP,08/11/21 2:11
31,Waimana,-38.15,177.0833,72.32,57,39,8.1,NZ,08/11/21 2:03
488,San Francisco Menendez,13.8431,-90.0158,72.46,68,74,6.67,SV,08/11/21 2:16
415,Jutai,-5.1833,-68.9,72.66,98,98,0.43,BR,08/11/21 2:13
108,Caravelas,-17.7125,-39.2481,72.68,82,93,4.5,BR,08/11/21 2:01
433,Srandakan,-7.9386,110.2506,72.73,76,100,1.34,ID,08/11/21 2:14
65,Atar,20.5169,-13.0499,72.88,28,56,6.08,MR,08/11/21 2:04
78,Port Macquarie,-31.4333,152.9167,72.9,63,89,9.46,AU,08/11/21 2:00
458,Saint-Philippe,-21.3585,55.7679,72.95,81,40,8.79,RE,08/11/21 2:13
176,Palasa,18.7667,84.4167,72.97,68,73,5.28,IN,08/11/21 2:07
166,Esna,25.2934,32.554,73,30,0,5.44,EG,08/11/21 2:07
542,Hurghada,27.2574,33.8129,73,45,0,11.1,EG,08/11/21 2:17
244,Camopi,3.1655,-52.3158,73.08,99,99,2.3,GF,08/11/21 2:05
343,Senador Guiomard,-10.1522,-67.7392,73.15,96,100,1.57,BR,08/11/21 2:12
380,Upata,8.0086,-62.3989,73.18,97,100,4.63,VE,08/11/21 2:13
365,Mahanoro,-19.9,48.8,73.22,89,58,3.47,MG,08/11/21 2:12
484,Manzanillo,20.3433,-77.1167,73.22,87,100,7.87,CU,08/11/21 2:16
328,Conceicao Do Araguaia,-8.2578,-49.2647,73.27,89,100,2.8,BR,08/11/21 2:12
497,Phalodi,27.1333,72.3667,73.29,25,3,3.89,IN,08/11/21 2:16
477,Sao Gabriel Da Cachoeira,-0.1303,-67.0892,73.44,99,100,1.36,BR,08/11/21 2:16
333,Ambilobe,-13.2,49.05,73.58,79,6,3.04,MG,08/11/21 2:12
487,Bambanglipuro,-7.95,110.2833,73.6,76,100,1.59,ID,08/11/21 2:16
500,Sao Miguel Do Araguaia,-13.275,-50.1628,73.62,92,100,6.42,BR,08/11/21 2:16
316,Tefe,-3.3542,-64.7114,73.8,91,52,2.3,BR,08/11/21 2:11
263,Tomatlan,19.9333,-105.25,73.92,90,18,2.64,MX,08/11/21 2:08
468,Sur,22.5667,59.5289,73.98,61,0,1.32,OM,08/11/21 2:16
18,Mataura,-46.1927,168.8643,74.19,37,100,2.35,NZ,08/11/21 2:03
178,Airai,-8.9266,125.4092,74.37,66,90,1.14,TL,08/11/21 2:07
7,Salalah,17.0151,54.0924,74.39,70,7,3.36,OM,08/11/21 1:59
304,Ixtapa,20.7,-105.2,74.44,93,29,2.19,MX,08/11/21 2:11
107,Champoton,19.35,-90.7167,74.5,79,5,7.31,MX,08/11/21 2:02
132,Barra Do Garcas,-15.89,-52.2567,74.57,85,99,2.17,BR,08/11/21 2:05
320,Dalby,-27.1833,151.2667,74.64,74,99,13.67,AU,08/11/21 2:11
545,Labrea,-7.2586,-64.7981,74.91,90,99,1.1,BR,08/11/21 2:17
5,Rikitea,-23.1203,-134.9692,74.97,78,100,13.85,PF,08/11/21 2:01
15,Dong Hoi,17.4833,106.6,75.06,88,99,24.27,VN,08/11/21 2:03
565,Catalina,32.5056,-110.9211,75.06,27,100,1.28,US,08/11/21 2:18
87,Quatre Cocos,-20.2078,57.7625,75.09,81,86,10.98,MU,08/11/21 2:03
480,Morondava,-20.2833,44.2833,75.09,91,2,5.57,MG,08/11/21 2:16
238,Progreso,21.2833,-89.6667,75.11,63,90,11.97,MX,08/11/21 2:07
378,Teahupoo,-17.8333,-149.2667,75.16,78,24,8.34,PF,08/11/21 2:13
475,Kousseri,12.0769,15.0306,75.16,23,0,6.91,CM,08/11/21 2:16
72,Aswan,24.0934,32.907,75.18,34,0,7.52,EG,08/11/21 2:04
118,Bambous Virieux,-20.3428,57.7575,75.22,80,87,10.07,MU,08/11/21 2:02
245,Mahajanga,-15.7167,46.3167,75.22,69,20,5.75,MG,08/11/21 2:09
199,Mahebourg,-20.4081,57.7,75.25,80,71,9.91,MU,08/11/21 2:08
97,Gamba,-2.65,10,75.31,92,100,4.74,GA,08/11/21 2:05
430,Yaan,7.3833,8.5667,75.33,89,100,5.08,NG,08/11/21 2:14
233,Wanning,18.8003,110.3967,75.36,85,39,18.21,CN,08/11/21 2:06
322,Souillac,-20.5167,57.5167,75.36,81,53,9.89,MU,08/11/21 2:11
41,Grand Gaube,-20.0064,57.6608,75.38,76,25,5.99,MU,08/11/21 2:03
234,San Cristobal,7.7669,-72.225,75.38,91,97,1.63,VE,08/11/21 2:09
405,Dabakala,8.3667,-4.4333,75.69,77,30,4.47,CI,08/11/21 2:13
273,Canutama,-6.5339,-64.3831,75.7,92,100,2.44,BR,08/11/21 2:09
356,Port Augusta,-32.5,137.7667,75.7,41,100,11.14,AU,08/11/21 2:12
136,Sibolga,1.7427,98.7792,75.99,94,100,2.71,ID,08/11/21 2:03
106,Nioro,13.35,-15.75,76.01,62,15,6.08,GM,08/11/21 2:05
572,Poum,-20.2333,164.0167,76.21,78,85,15.55,NC,08/11/21 2:19
388,Chichi,7.2721,8.9332,76.28,89,99,6.91,NG,08/11/21 2:13
190,Mecca,21.4267,39.8261,76.39,63,1,2.89,SA,08/11/21 2:08
191,Omboue,-1.5746,9.2618,76.5,91,100,5.88,GA,08/11/21 2:08
150,Abonnema,4.7084,6.7931,76.6,90,100,4.25,NG,08/11/21 2:07
525,Meulaboh,4.1363,96.1285,76.62,93,100,8.37,ID,08/11/21 2:16
377,Nishihara,26.1842,127.7558,76.68,76,90,11.5,JP,08/11/21 2:13
558,Aparecida Do Taboado,-20.0867,-51.0936,76.71,71,15,5.84,BR,08/11/21 2:18
474,Nelson Bay,-32.7167,152.15,76.75,74,40,1.99,AU,08/11/21 2:11
442,Mbini,1.574,9.6134,76.77,90,100,6.67,GQ,08/11/21 2:15
194,Mayumba,-3.432,10.6554,76.78,90,100,1.95,GA,08/11/21 2:05
180,Batticaloa,7.7102,81.6924,76.95,86,95,6.8,LK,08/11/21 2:07
252,Boa Vista,2.8197,-60.6733,76.98,83,90,2.3,BR,08/11/21 2:05
216,Carmen,18.6333,-91.8333,77.04,69,1,2.3,MX,08/11/21 2:08
30,Avarua,-21.2078,-159.775,77.05,57,23,14.97,CK,08/11/21 2:03
269,Hilo,19.7297,-155.09,77.25,88,90,5.75,US,08/11/21 2:09
541,Maragogi,-9.0122,-35.2225,77.27,86,5,7.74,BR,08/11/21 2:17
236,Dahanu,19.9667,72.7333,77.65,55,87,6.33,IN,08/11/21 2:09
323,Alofi,-19.0595,-169.9187,77.65,82,50,21.79,NU,08/11/21 2:11
325,Bontang,0.1333,117.5,77.65,90,100,3.24,ID,08/11/21 2:10
315,Bonthe,7.5264,-12.505,77.9,85,13,1.83,SL,08/11/21 2:11
294,Lagunas,-5.2269,-75.6753,78.03,75,81,1.79,PE,08/11/21 2:10
138,Dapaong,10.8639,0.205,78.1,27,11,4.34,TG,08/11/21 2:06
379,Sao Filipe,14.8961,-24.4956,78.15,73,100,8.16,CV,08/11/21 2:13
214,Isangel,-19.55,169.2667,78.39,71,44,4.27,VU,08/11/21 2:07
35,Atuona,-9.8,-139.0333,78.4,75,10,16.87,PF,08/11/21 1:58
368,Qeshm,26.9581,56.2719,78.4,60,0,10.02,IR,08/11/21 2:12
295,Harper,4.375,-7.7169,78.53,87,100,5.41,LR,08/11/21 2:10
227,Axim,4.8699,-2.2405,78.55,87,99,6.85,GH,08/11/21 2:08
398,Monte Alegre,-2.0078,-54.0692,78.58,75,94,2.01,BR,08/11/21 2:13
102,Hobyo,5.3505,48.5268,78.69,68,39,10.83,SO,08/11/21 2:05
182,Pilar,-9.5972,-35.9567,78.73,94,40,5.7,BR,08/11/21 2:03
493,Dwarka,22.2394,68.9678,78.75,58,96,11.86,IN,08/11/21 2:16
298,Trairi,-3.2778,-39.2689,78.76,84,19,7.29,BR,08/11/21 2:08
338,Mumford,5.2618,-0.759,78.78,87,18,8.59,GH,08/11/21 2:12
473,Flinders,-34.5833,150.8552,78.8,74,36,5.01,AU,08/11/21 2:16
27,Vaini,-21.2,-175.2,78.96,94,75,5.75,TO,08/11/21 2:03
25,Itarema,-2.9248,-39.9167,79.11,80,66,7.61,BR,08/11/21 2:03
330,Veraval,20.9,70.3667,79.21,45,92,10.92,IN,08/11/21 2:12
479,Dutlwe,-23.9833,23.9,79.23,36,100,17.81,BW,08/11/21 2:16
563,Robertsport,6.7533,-11.3686,79.23,80,94,1.61,LR,08/11/21 2:15
436,Wichian Buri,15.6578,101.106,79.25,75,36,13.27,TH,08/11/21 2:14
533,Fare,-16.7,-151.0167,79.27,73,7,7.72,PF,08/11/21 2:17
235,Diffa,13.3154,12.6113,79.34,25,99,9.26,NE,08/11/21 2:09
279,Sinnamary,5.3833,-52.95,79.34,85,100,10.87,GF,08/11/21 2:10
110,Faanui,-16.4833,-151.75,79.59,73,23,9.13,PF,08/11/21 2:05
192,Cabo San Lucas,22.8909,-109.9124,79.61,67,27,7.56,MX,08/11/21 2:08
406,Kidal,18.4411,1.4078,79.75,17,2,5.28,ML,08/11/21 2:13
60,Karratha,-20.7377,116.8463,79.77,40,1,15.1,AU,08/11/21 2:04
225,Maceio,-9.6658,-35.7353,80.04,94,75,6.91,BR,08/11/21 2:03
50,Bogale,16.2833,95.4,80.06,81,61,8.88,MM,08/11/21 2:04
212,Maine-Soroa,13.2114,12.0241,80.15,19,98,8.99,NE,08/11/21 2:05
416,Funadhoo,6.15,73.2667,80.2,79,100,15.5,MV,08/11/21 2:13
135,Mahina,-17.5065,-149.489,80.37,69,75,12.66,PF,08/11/21 2:05
551,Mersing,2.4312,103.8405,80.51,89,40,3.44,MY,08/11/21 2:17
485,Gao,16.6362,1.637,80.53,16,3,6.33,ML,08/11/21 2:16
420,Ipu,-4.3222,-40.7108,80.55,66,97,3.98,BR,08/11/21 2:14
425,Ugoofaaru,5.6667,73,80.65,81,99,17.13,MV,08/11/21 2:14
440,Padang,-0.9492,100.3543,80.65,81,100,5.01,ID,08/11/21 2:15
520,Oistins,13.0667,-59.5333,80.69,74,40,13.8,BB,08/11/21 2:17
93,Cayenne,4.9333,-52.3333,81.09,84,75,5.01,GF,08/11/21 2:05
470,Bathsheba,13.2167,-59.5167,81.21,74,40,13.8,BB,08/11/21 2:16
58,Kavaratti,10.5669,72.642,81.39,74,100,7.54,IN,08/11/21 2:02
43,Sabang,5.8933,95.3214,81.43,78,90,9.01,ID,08/11/21 2:03
469,Basco,20.4487,121.9702,81.54,79,4,8.72,PH,08/11/21 2:16
571,Jizan,17.3333,42.6667,81.54,64,0,2.26,SA,08/11/21 2:19
115,Sola,-13.8833,167.55,81.55,73,29,9.78,VU,08/11/21 2:05
86,Hithadhoo,-0.6,73.0833,81.77,74,96,12.06,MV,08/11/21 2:04
329,Tarakan,3.3,117.6333,81.9,83,75,3.44,ID,08/11/21 2:12
526,Bowen,-20.0167,148.2333,81.99,73,23,10.98,AU,08/11/21 2:17
96,Bengkulu,-3.8004,102.2655,82.08,68,100,5.28,ID,08/11/21 2:05
336,Olinda,-8.0089,-34.8553,82.13,74,75,6.91,BR,08/11/21 2:12
395,Cockburn Town,21.4612,-71.1419,82.13,74,99,7.61,TC,08/11/21 2:13
164,Batemans Bay,-35.7167,150.1833,82.2,85,91,7.02,AU,08/11/21 2:07
418,Acapulco,16.8634,-99.8901,82.22,83,40,2.3,MX,08/11/21 2:09
3,Butaritari,3.0707,172.7902,82.24,68,5,11.74,KI,08/11/21 2:00
291,Oranjestad,12.524,-70.027,82.35,78,20,19.57,AW,08/11/21 2:10
98,Kahului,20.8947,-156.47,82.42,71,20,26.46,US,08/11/21 2:05
208,San Andres,12.5847,-81.7006,82.42,78,75,4.61,CO,08/11/21 2:08
170,Martapura,-3.4167,114.85,82.49,83,40,3.44,ID,08/11/21 2:07
91,Mahibadhoo,3.7833,72.9667,82.87,71,99,17.54,MV,08/11/21 2:04
465,Port Blair,11.6667,92.75,82.87,81,100,10.31,IN,08/11/21 2:16
553,Edd,13.9297,41.6925,82.9,50,8,11.99,ER,08/11/21 2:17
287,Bubaque,11.2833,-15.8333,82.92,76,26,9.86,GW,08/11/21 2:10
453,Thinadhoo,0.5333,72.9333,83.07,66,94,15.61,MV,08/11/21 2:11
277,Lorengau,-2.0226,147.2712,83.08,79,45,10.92,PG,08/11/21 2:09
432,Ngawen,-7.0032,111.3129,83.43,71,100,5.5,ID,08/11/21 2:14
209,Pamanukan,-6.2842,107.8106,83.68,65,100,3.74,ID,08/11/21 2:08
163,Sugbongcogon,8.9553,124.7853,83.7,70,89,8.03,PH,08/11/21 2:07
386,San Policarpo,12.1791,125.5072,83.77,82,68,10.31,PH,08/11/21 2:13
128,Kapaa,22.0752,-159.319,84.18,73,40,3,US,08/11/21 2:05
517,Biak,-0.9131,122.8766,84.29,70,85,1.72,ID,08/11/21 2:17
532,Gizo,-8.103,156.8419,84.58,69,80,5.99,SB,08/11/21 2:17
301,Manaquiri,-3.3167,-60.35,84.65,87,78,1.1,BR,08/11/21 2:11
456,Kavieng,-2.5744,150.7967,84.79,70,9,16.8,PG,08/11/21 2:15
302,Ca Mau,9.1769,105.15,84.87,72,80,9.73,VN,08/11/21 2:11
308,Georgetown,5.4112,100.3354,84.88,83,20,1.01,MY,08/11/21 2:06
259,Samarai,-10.6167,150.6667,84.99,72,3,14.03,PG,08/11/21 2:08
352,Sorong,-0.8833,131.25,85.23,70,8,2.93,ID,08/11/21 2:12
393,Dingle,10.9995,122.6711,85.37,77,45,12.21,PH,08/11/21 2:13
124,Atambua,-9.1061,124.8925,85.69,63,88,3.15,ID,08/11/21 2:05
144,Kathu,7.9178,98.3332,85.69,98,100,12.1,TH,08/11/21 2:06
121,Denpasar,-8.65,115.2167,85.71,79,40,5.75,ID,08/11/21 2:05
361,Nabire,-3.3667,135.4833,85.75,69,94,5.48,ID,08/11/21 2:12
350,Banjar,-8.19,114.9675,85.91,63,76,3.67,ID,08/11/21 2:12
88,Ternate,0.8,127.4,85.93,68,99,2.17,ID,08/11/21 2:00
242,Port Moresby,-9.4431,147.1797,85.96,66,13,7.02,PG,08/11/21 2:05
528,Merauke,-8.4667,140.3333,86.05,66,70,6.85,ID,08/11/21 2:17
554,Bakel,14.905,-12.4568,86.4,23,41,7.54,SN,08/11/21 2:17
253,Namatanai,-3.6667,152.4333,86.5,61,76,12.55,PG,08/11/21 2:09
512,Kieta,-6.2167,155.6333,86.52,56,6,5.93,PG,08/11/21 2:17
348,Vanimo,-2.6741,141.3028,86.72,65,55,9.19,PG,08/11/21 2:12
218,Daru,-9.0763,143.2092,86.79,68,61,7.49,PG,08/11/21 2:08
489,Alyangula,-13.8483,136.4192,87.15,64,28,8.88,AU,08/11/21 2:16
307,Sinjai,-5.1241,120.253,87.67,61,99,3.53,ID,08/11/21 2:11
165,Auki,-8.7676,160.7034,87.87,58,27,2.66,SB,08/11/21 2:06
454,Buluang,13.3068,123.3425,87.87,65,58,2.01,PH,08/11/21 2:15
148,Gorontalo,0.5412,123.0595,88.56,66,87,2.15,ID,08/11/21 2:05
49,Katobu,-4.9408,122.5276,89.17,59,100,2.51,ID,08/11/21 2:04
507,Kupang,-10.1667,123.5833,90.18,66,40,6.91,ID,08/11/21 2:16
181,Mareeba,-17,145.4333,90.32,59,83,8.75,AU,08/11/21 2:02
514,Teluknaga,-6.0989,106.6381,90.63,70,20,5.75,ID,08/11/21 2:17
491,Kiunga,-6.1219,141.2906,91.4,57,74,2.26,PG,08/11/21 2:16
241,Katherine,-14.4667,132.2667,91.72,55,40,6.91,AU,08/11/21 2:09
243,Cairns,-16.9167,145.7667,95.95,65,62,6.91,AU,08/11/21 2:08